<!DOCTYPE hibernate-configuration PUBLIC
        "-//Hibernate/hibernate Configuration DTD 3.0//EN"
        "http://www.hibernate.org/dtd/hibernate-configuration-3.0.dtd">

<hibernate-configuration>
    <session-factory>
        <property name="connection.username">root</property>
        <property name="connection.password">Mar291dub</property>
        <property name="connection.url">jdbc:mysql://localhost:3306/school?serverTimezone=UTC&amp;createDatabaseIfNotExist=true</property>
        <property name="dialect">org.hibernate.dialect.MySQL8Dialect</property>
        <property name="connection.driver_class">com.mysql.cj.jdbc.Driver</property>
        <property name="hibernate.hbm2ddl.auto">create-drop</property>

    </session-factory>
</hibernate-configuration>